sample_id,condition,strain_legacy,manuscript_strain,treatment_code,treatment,time_h,biological_replicate,raw_basename,bioproject
WT_0H_R1,WT_0H,WT,WT,0H,baseline,0,1,Unknown_BZ572-001T0001_good,PRJNA1420504
WT_0H_R2,WT_0H,WT,WT,0H,baseline,0,2,Unknown_BZ572-001T0002_good,PRJNA1420504
WT_0H_R3,WT_0H,WT,WT,0H,baseline,0,3,Unknown_BZ572-001T0003_good,PRJNA1420504
13509_0H_R1,13509_0H,13509,13-NR509,0H,baseline,0,1,Unknown_BZ572-001T0004_good,PRJNA1420504
13509_0H_R2,13509_0H,13509,13-NR509,0H,baseline,0,2,Unknown_BZ572-001T0005_good,PRJNA1420504
13509_0H_R3,13509_0H,13509,13-NR509,0H,baseline,0,3,Unknown_BZ572-001T0006_good,PRJNA1420504
C5_0H_R1,C5_0H,C5,C5,0H,baseline,0,1,Unknown_BZ572-001T0007_good,PRJNA1420504
C5_0H_R2,C5_0H,C5,C5,0H,baseline,0,2,Unknown_BZ572-001T0008_good,PRJNA1420504
C5_0H_R3,C5_0H,C5,C5,0H,baseline,0,3,Unknown_BZ572-001T0009_good,PRJNA1420504
NNR_0H_R1,NNR_0H,NNR,NRpNR-1,0H,baseline,0,1,Unknown_BZ572-001T0010_good,PRJNA1420504
NNR_0H_R2,NNR_0H,NNR,NRpNR-1,0H,baseline,0,2,Unknown_BZ572-001T0011_good,PRJNA1420504
NNR_0H_R3,NNR_0H,NNR,NRpNR-1,0H,baseline,0,3,Unknown_BZ572-001T0012_good,PRJNA1420504
NUT1_0H_R1,NUT1_0H,NUT1,NRpUT1-12,0H,baseline,0,1,Unknown_BZ572-001T0013_good,PRJNA1420504
NUT1_0H_R2,NUT1_0H,NUT1,NRpUT1-12,0H,baseline,0,2,Unknown_BZ572-001T0014_good,PRJNA1420504
NUT1_0H_R3,NUT1_0H,NUT1,NRpUT1-12,0H,baseline,0,3,Unknown_BZ572-001T0015_good,PRJNA1420504
NUT2_0H_R1,NUT2_0H,NUT2,NRpUT2-5,0H,baseline,0,1,Unknown_BZ572-001T0016_good,PRJNA1420504
NUT2_0H_R2,NUT2_0H,NUT2,NRpUT2-5,0H,baseline,0,2,Unknown_BZ572-001T0017_good,PRJNA1420504
NUT2_0H_R3,NUT2_0H,NUT2,NRpUT2-5,0H,baseline,0,3,Unknown_BZ572-001T0018_good,PRJNA1420504
WT_NO_6H_R1,WT_NO_6H,WT,WT,NO,nitrate,6,1,Unknown_BZ572-001T0091_good,PRJNA1420504
WT_NO_6H_R2,WT_NO_6H,WT,WT,NO,nitrate,6,2,Unknown_BZ572-001T0092_good,PRJNA1420504
WT_NO_6H_R3,WT_NO_6H,WT,WT,NO,nitrate,6,3,Unknown_BZ572-001T0093_good,PRJNA1420504
WT_UR_6H_R1,WT_UR_6H,WT,WT,UR,urea,6,1,Unknown_BZ572-001T0094_good,PRJNA1420504
WT_UR_6H_R2,WT_UR_6H,WT,WT,UR,urea,6,2,Unknown_BZ572-001T0095_good,PRJNA1420504
WT_UR_6H_R3,WT_UR_6H,WT,WT,UR,urea,6,3,Unknown_BZ572-001T0096_good,PRJNA1420504
WT_NH_6H_R1,WT_NH_6H,WT,WT,NH,ammonium,6,1,Unknown_BZ572-001T0097_good,PRJNA1420504
WT_NH_6H_R2,WT_NH_6H,WT,WT,NH,ammonium,6,2,Unknown_BZ572-001T0098_good,PRJNA1420504
WT_NH_6H_R3,WT_NH_6H,WT,WT,NH,ammonium,6,3,Unknown_BZ572-001T0099_good,PRJNA1420504
13509_NO_6H_R1,13509_NO_6H,13509,13-NR509,NO,nitrate,6,1,Unknown_BZ572-001T0100_good,PRJNA1420504
13509_NO_6H_R2,13509_NO_6H,13509,13-NR509,NO,nitrate,6,2,Unknown_BZ572-001T0101_good,PRJNA1420504
13509_NO_6H_R3,13509_NO_6H,13509,13-NR509,NO,nitrate,6,3,Unknown_BZ572-001T0102_good,PRJNA1420504
13509_UR_6H_R1,13509_UR_6H,13509,13-NR509,UR,urea,6,1,Unknown_BZ572-001T0019_good,PRJNA1420504
13509_UR_6H_R2,13509_UR_6H,13509,13-NR509,UR,urea,6,2,Unknown_BZ572-001T0020_good,PRJNA1420504
13509_UR_6H_R3,13509_UR_6H,13509,13-NR509,UR,urea,6,3,Unknown_BZ572-001T0021_good,PRJNA1420504
13509_NH_6H_R1,13509_NH_6H,13509,13-NR509,NH,ammonium,6,1,Unknown_BZ572-001T0022_good,PRJNA1420504
13509_NH_6H_R2,13509_NH_6H,13509,13-NR509,NH,ammonium,6,2,Unknown_BZ572-001T0023_good,PRJNA1420504
13509_NH_6H_R3,13509_NH_6H,13509,13-NR509,NH,ammonium,6,3,Unknown_BZ572-001T0024_good,PRJNA1420504
C5_NO_6H_R1,C5_NO_6H,C5,C5,NO,nitrate,6,1,Unknown_BZ572-001T0025_good,PRJNA1420504
C5_NO_6H_R2,C5_NO_6H,C5,C5,NO,nitrate,6,2,Unknown_BZ572-001T0026_good,PRJNA1420504
C5_NO_6H_R3,C5_NO_6H,C5,C5,NO,nitrate,6,3,Unknown_BZ572-001T0027_good,PRJNA1420504
C5_UR_6H_R1,C5_UR_6H,C5,C5,UR,urea,6,1,Unknown_BZ572-001T0028_good,PRJNA1420504
C5_UR_6H_R2,C5_UR_6H,C5,C5,UR,urea,6,2,Unknown_BZ572-001T0029_good,PRJNA1420504
C5_UR_6H_R3,C5_UR_6H,C5,C5,UR,urea,6,3,Unknown_BZ572-001T0030_good,PRJNA1420504
C5_NH_6H_R1,C5_NH_6H,C5,C5,NH,ammonium,6,1,Unknown_BZ572-001T0031_good,PRJNA1420504
C5_NH_6H_R2,C5_NH_6H,C5,C5,NH,ammonium,6,2,Unknown_BZ572-001T0032_good,PRJNA1420504
C5_NH_6H_R3,C5_NH_6H,C5,C5,NH,ammonium,6,3,Unknown_BZ572-001T0033_good,PRJNA1420504
NNR_UR_6H_R1,NNR_UR_6H,NNR,NRpNR-1,UR,urea,6,1,Unknown_BZ572-001T0103_good,PRJNA1420504
NNR_UR_6H_R2,NNR_UR_6H,NNR,NRpNR-1,UR,urea,6,2,Unknown_BZ572-001T0104_good,PRJNA1420504
NNR_UR_6H_R3,NNR_UR_6H,NNR,NRpNR-1,UR,urea,6,3,Unknown_BZ572-001T0105_good,PRJNA1420504
NNR_NH_6H_R1,NNR_NH_6H,NNR,NRpNR-1,NH,ammonium,6,1,Unknown_BZ572-001T0106_good,PRJNA1420504
NNR_NH_6H_R2,NNR_NH_6H,NNR,NRpNR-1,NH,ammonium,6,2,Unknown_BZ572-001T0107_good,PRJNA1420504
NNR_NH_6H_R3,NNR_NH_6H,NNR,NRpNR-1,NH,ammonium,6,3,Unknown_BZ572-001T0108_good,PRJNA1420504
NUT1_UR_6H_R1,NUT1_UR_6H,NUT1,NRpUT1-12,UR,urea,6,1,Unknown_BZ572-001T0109_good,PRJNA1420504
NUT1_UR_6H_R2,NUT1_UR_6H,NUT1,NRpUT1-12,UR,urea,6,2,Unknown_BZ572-001T0110_good,PRJNA1420504
NUT1_UR_6H_R3,NUT1_UR_6H,NUT1,NRpUT1-12,UR,urea,6,3,Unknown_BZ572-001T0111_good,PRJNA1420504
NUT1_NH_6H_R1,NUT1_NH_6H,NUT1,NRpUT1-12,NH,ammonium,6,1,Unknown_BZ572-001T0112_good,PRJNA1420504
NUT1_NH_6H_R2,NUT1_NH_6H,NUT1,NRpUT1-12,NH,ammonium,6,2,Unknown_BZ572-001T0113_good,PRJNA1420504
NUT1_NH_6H_R3,NUT1_NH_6H,NUT1,NRpUT1-12,NH,ammonium,6,3,Unknown_BZ572-001T0114_good,PRJNA1420504
NUT2_UR_6H_R1,NUT2_UR_6H,NUT2,NRpUT2-5,UR,urea,6,1,Unknown_BZ572-001T0034_good,PRJNA1420504
NUT2_UR_6H_R2,NUT2_UR_6H,NUT2,NRpUT2-5,UR,urea,6,2,Unknown_BZ572-001T0035_good,PRJNA1420504
NUT2_UR_6H_R3,NUT2_UR_6H,NUT2,NRpUT2-5,UR,urea,6,3,Unknown_BZ572-001T0036_good,PRJNA1420504
NUT2_NH_6H_R1,NUT2_NH_6H,NUT2,NRpUT2-5,NH,ammonium,6,1,Unknown_BZ572-001T0115_good,PRJNA1420504
NUT2_NH_6H_R2,NUT2_NH_6H,NUT2,NRpUT2-5,NH,ammonium,6,2,Unknown_BZ572-001T0116_good,PRJNA1420504
NUT2_NH_6H_R3,NUT2_NH_6H,NUT2,NRpUT2-5,NH,ammonium,6,3,Unknown_BZ572-001T0117_good,PRJNA1420504
WT_NO_24H_R1,WT_NO_24H,WT,WT,NO,nitrate,24,1,Unknown_BZ572-001T0037_good,PRJNA1420504
WT_NO_24H_R2,WT_NO_24H,WT,WT,NO,nitrate,24,2,Unknown_BZ572-001T0038_good,PRJNA1420504
WT_NO_24H_R3,WT_NO_24H,WT,WT,NO,nitrate,24,3,Unknown_BZ572-001T0039_good,PRJNA1420504
WT_UR_24H_R1,WT_UR_24H,WT,WT,UR,urea,24,1,Unknown_BZ572-001T0040_good,PRJNA1420504
WT_UR_24H_R2,WT_UR_24H,WT,WT,UR,urea,24,2,Unknown_BZ572-001T0041_good,PRJNA1420504
WT_UR_24H_R3,WT_UR_24H,WT,WT,UR,urea,24,3,Unknown_BZ572-001T0042_good,PRJNA1420504
WT_NH_24H_R1,WT_NH_24H,WT,WT,NH,ammonium,24,1,Unknown_BZ572-001T0043_good,PRJNA1420504
WT_NH_24H_R2,WT_NH_24H,WT,WT,NH,ammonium,24,2,Unknown_BZ572-001T0044_good,PRJNA1420504
WT_NH_24H_R3,WT_NH_24H,WT,WT,NH,ammonium,24,3,Unknown_BZ572-001T0045_good,PRJNA1420504
13509_NO_24H_R1,13509_NO_24H,13509,13-NR509,NO,nitrate,24,1,Unknown_BZ572-001T0046_good,PRJNA1420504
13509_NO_24H_R2,13509_NO_24H,13509,13-NR509,NO,nitrate,24,2,Unknown_BZ572-001T0047_good,PRJNA1420504
13509_NO_24H_R3,13509_NO_24H,13509,13-NR509,NO,nitrate,24,3,Unknown_BZ572-001T0048_good,PRJNA1420504
13509_UR_24H_R1,13509_UR_24H,13509,13-NR509,UR,urea,24,1,Unknown_BZ572-001T0049_good,PRJNA1420504
13509_UR_24H_R2,13509_UR_24H,13509,13-NR509,UR,urea,24,2,Unknown_BZ572-001T0050_good,PRJNA1420504
13509_UR_24H_R3,13509_UR_24H,13509,13-NR509,UR,urea,24,3,Unknown_BZ572-001T0051_good,PRJNA1420504
13509_NH_24H_R1,13509_NH_24H,13509,13-NR509,NH,ammonium,24,1,Unknown_BZ572-001T0052_good,PRJNA1420504
13509_NH_24H_R2,13509_NH_24H,13509,13-NR509,NH,ammonium,24,2,Unknown_BZ572-001T0053_good,PRJNA1420504
13509_NH_24H_R3,13509_NH_24H,13509,13-NR509,NH,ammonium,24,3,Unknown_BZ572-001T0054_good,PRJNA1420504
C5_NO_24H_R1,C5_NO_24H,C5,C5,NO,nitrate,24,1,Unknown_BZ572-001T0118_good,PRJNA1420504
C5_NO_24H_R2,C5_NO_24H,C5,C5,NO,nitrate,24,2,Unknown_BZ572-001T0119_good,PRJNA1420504
C5_NO_24H_R3,C5_NO_24H,C5,C5,NO,nitrate,24,3,Unknown_BZ572-001T0120_good,PRJNA1420504
C5_UR_24H_R1,C5_UR_24H,C5,C5,UR,urea,24,1,Unknown_BZ572-001T0055_good,PRJNA1420504
C5_UR_24H_R2,C5_UR_24H,C5,C5,UR,urea,24,2,Unknown_BZ572-001T0056_good,PRJNA1420504
C5_UR_24H_R3,C5_UR_24H,C5,C5,UR,urea,24,3,Unknown_BZ572-001T0057_good,PRJNA1420504
C5_NH_24H_R1,C5_NH_24H,C5,C5,NH,ammonium,24,1,Unknown_BZ572-001T0121_good,PRJNA1420504
C5_NH_24H_R2,C5_NH_24H,C5,C5,NH,ammonium,24,2,Unknown_BZ572-001T0122_good,PRJNA1420504
C5_NH_24H_R3,C5_NH_24H,C5,C5,NH,ammonium,24,3,Unknown_BZ572-001T0123_good,PRJNA1420504
NNR_UR_24H_R1,NNR_UR_24H,NNR,NRpNR-1,UR,urea,24,1,Unknown_BZ572-001T0058_good,PRJNA1420504
NNR_UR_24H_R2,NNR_UR_24H,NNR,NRpNR-1,UR,urea,24,2,Unknown_BZ572-001T0059_good,PRJNA1420504
NNR_UR_24H_R3,NNR_UR_24H,NNR,NRpNR-1,UR,urea,24,3,Unknown_BZ572-001T0060_good,PRJNA1420504
NNR_NH_24H_R1,NNR_NH_24H,NNR,NRpNR-1,NH,ammonium,24,1,Unknown_BZ572-001T0124_good,PRJNA1420504
NNR_NH_24H_R2,NNR_NH_24H,NNR,NRpNR-1,NH,ammonium,24,2,Unknown_BZ572-001T0125_good,PRJNA1420504
NNR_NH_24H_R3,NNR_NH_24H,NNR,NRpNR-1,NH,ammonium,24,3,Unknown_BZ572-001T0126_good,PRJNA1420504
NUT1_UR_24H_R1,NUT1_UR_24H,NUT1,NRpUT1-12,UR,urea,24,1,Unknown_BZ572-001T0061_good,PRJNA1420504
NUT1_UR_24H_R2,NUT1_UR_24H,NUT1,NRpUT1-12,UR,urea,24,2,Unknown_BZ572-001T0062_good,PRJNA1420504
NUT1_UR_24H_R3,NUT1_UR_24H,NUT1,NRpUT1-12,UR,urea,24,3,Unknown_BZ572-001T0063_good,PRJNA1420504
NUT1_NH_24H_R1,NUT1_NH_24H,NUT1,NRpUT1-12,NH,ammonium,24,1,Unknown_BZ572-001T0064_good,PRJNA1420504
NUT1_NH_24H_R2,NUT1_NH_24H,NUT1,NRpUT1-12,NH,ammonium,24,2,Unknown_BZ572-001T0065_good,PRJNA1420504
NUT1_NH_24H_R3,NUT1_NH_24H,NUT1,NRpUT1-12,NH,ammonium,24,3,Unknown_BZ572-001T0066_good,PRJNA1420504
NUT2_UR_24H_R1,NUT2_UR_24H,NUT2,NRpUT2-5,UR,urea,24,1,Unknown_BZ572-001T0067_good,PRJNA1420504
NUT2_UR_24H_R2,NUT2_UR_24H,NUT2,NRpUT2-5,UR,urea,24,2,Unknown_BZ572-001T0068_good,PRJNA1420504
NUT2_UR_24H_R3,NUT2_UR_24H,NUT2,NRpUT2-5,UR,urea,24,3,Unknown_BZ572-001T0069_good,PRJNA1420504
NUT2_NH_24H_R1,NUT2_NH_24H,NUT2,NRpUT2-5,NH,ammonium,24,1,Unknown_BZ572-001T0070_good,PRJNA1420504
NUT2_NH_24H_R2,NUT2_NH_24H,NUT2,NRpUT2-5,NH,ammonium,24,2,Unknown_BZ572-001T0071_good,PRJNA1420504
NUT2_NH_24H_R3,NUT2_NH_24H,NUT2,NRpUT2-5,NH,ammonium,24,3,Unknown_BZ572-001T0072_good,PRJNA1420504
WT_NF_6H_R1,WT_NF_6H,WT,WT,NF,nitrogen-free,6,1,Unknown_BZ572-001T0073_good,PRJNA1420504
WT_NF_6H_R2,WT_NF_6H,WT,WT,NF,nitrogen-free,6,2,Unknown_BZ572-001T0074_good,PRJNA1420504
WT_NF_6H_R3,WT_NF_6H,WT,WT,NF,nitrogen-free,6,3,Unknown_BZ572-001T0075_good,PRJNA1420504
13509_NF_6H_R1,13509_NF_6H,13509,13-NR509,NF,nitrogen-free,6,1,Unknown_BZ572-001T0076_good,PRJNA1420504
13509_NF_6H_R2,13509_NF_6H,13509,13-NR509,NF,nitrogen-free,6,2,Unknown_BZ572-001T0077_good,PRJNA1420504
13509_NF_6H_R3,13509_NF_6H,13509,13-NR509,NF,nitrogen-free,6,3,Unknown_BZ572-001T0078_good,PRJNA1420504
C5_NF_6H_R1,C5_NF_6H,C5,C5,NF,nitrogen-free,6,1,Unknown_BZ572-001T0079_good,PRJNA1420504
C5_NF_6H_R2,C5_NF_6H,C5,C5,NF,nitrogen-free,6,2,Unknown_BZ572-001T0080_good,PRJNA1420504
C5_NF_6H_R3,C5_NF_6H,C5,C5,NF,nitrogen-free,6,3,Unknown_BZ572-001T0081_good,PRJNA1420504
WT_NF_24H_R1,WT_NF_24H,WT,WT,NF,nitrogen-free,24,1,Unknown_BZ572-001T0082_good,PRJNA1420504
WT_NF_24H_R2,WT_NF_24H,WT,WT,NF,nitrogen-free,24,2,Unknown_BZ572-001T0083_good,PRJNA1420504
WT_NF_24H_R3,WT_NF_24H,WT,WT,NF,nitrogen-free,24,3,Unknown_BZ572-001T0084_good,PRJNA1420504
13509_NF_24H_R1,13509_NF_24H,13509,13-NR509,NF,nitrogen-free,24,1,Unknown_BZ572-001T0085_good,PRJNA1420504
13509_NF_24H_R2,13509_NF_24H,13509,13-NR509,NF,nitrogen-free,24,2,Unknown_BZ572-001T0086_good,PRJNA1420504
13509_NF_24H_R3,13509_NF_24H,13509,13-NR509,NF,nitrogen-free,24,3,Unknown_BZ572-001T0087_good,PRJNA1420504
C5_NF_24H_R1,C5_NF_24H,C5,C5,NF,nitrogen-free,24,1,Unknown_BZ572-001T0088_good,PRJNA1420504
C5_NF_24H_R2,C5_NF_24H,C5,C5,NF,nitrogen-free,24,2,Unknown_BZ572-001T0089_good,PRJNA1420504
C5_NF_24H_R3,C5_NF_24H,C5,C5,NF,nitrogen-free,24,3,Unknown_BZ572-001T0090_good,PRJNA1420504
